{
  "feature_mean": [
    0.0,
    -84.65172136871509,
    0.4507915117756292,
    -0.0677797855658739,
    -0.10669720434000671,
    -0.10652157488421475,
    -0.006277519232933211,
    0.23931668169272355,
    0.9579024934592818,
    0.0013208991397865584,
    -0.009662479981539214,
    -0.03122904744858009,
    22.542607534835895,
    -1.4549108692606672,
    -33.41737773792371,
    0.24564607847599276,
    0.007843794936921736,
    1.2546069529612163,
    0.25580464576063394,
    84.65172136871509,
    35.1823606851005,
    0.6982541899441341,
    0.5004723089588442,
    1.7,
    1.056536312849162,
    -84.60911062309862,
    9.109008613202784,
    33.03642835332804,
    0.12408873553786658,
    1.4028264664804468,
    0.6982541899441341,
    3.1472171787709495,
    -0.721627094972067,
    0.5579399441340782,
    21.22538407821229,
    0.9964743553616064,
    3.769243657542295,
    -1.0,
    4.520408519553072,
    -1.0,
    -1.0
  ],
  "feature_scale": [
    1.0,
    10.873554814937409,
    0.2516211009212814,
    6.448939614767964,
    8.381696946249546,
    6.700972663456162,
    0.06341018505868172,
    0.11220027482304062,
    0.05609328118632348,
    0.30770772054983553,
    0.22388392682730035,
    0.3919118857311471,
    5.048258245022226,
    5.532358969202751,
    6.045872748713373,
    0.11567919166298027,
    0.05544748808693101,
    0.25354418302494375,
    0.1812259127876492,
    10.873554814937409,
    36.260510923832484,
    0.4590155511186221,
    0.2563465587267493,
    10.8083650100204,
    0.2561299045614109,
    5.429695687951647,
    3.2466324538036613,
    35.07565065146232,
    0.24644966070690852,
    9.934020790755548,
    0.4590155511186221,
    1.640162269373408,
    3.747045596811452,
    3.432786659233915,
    6.895939786343006,
    0.04103823659603764,
    5.54140629555157,
    1.0,
    0.8488834109607637,
    1.0,
    1.0
  ],
  "feature_cols": [
    "beaconId",
    "rssi",
    "rel_time",
    "gyroX",
    "gyroY",
    "gyroZ",
    "accelX",
    "accelY",
    "accelZ",
    "userAccelX",
    "userAccelY",
    "userAccelZ",
    "magX",
    "magY",
    "magZ",
    "pitch",
    "roll",
    "yaw",
    "rssi_norm",
    "rssi_inv",
    "rssi_distance",
    "beacon_floor_match",
    "window_progress",
    "rssi_diff_from_beacon_median",
    "beacon_signal_rank",
    "window_rssi_mean",
    "window_rssi_std",
    "min_beacon_distance",
    "beacon_weight",
    "rssi_vs_floor_median",
    "beacon_on_this_floor",
    "dominant_beacon_id",
    "rssi_diff_to_max",
    "rssi_diff_to_2nd_max",
    "beacon_count_in_window",
    "motion_magnitude",
    "motion_yaw_rate",
    "beacon_y_pos",
    "unique_beacon_count",
    "weighted_beacon_y",
    "strongest_beacon_y"
  ],
  "graph_mean": [
    0.4957876097366321,
    0.12394083803229536,
    0.002548700599565908,
    18.226287162806674,
    0.14285714536703117,
    0.4940717777556904
  ],
  "graph_scale": [
    0.49998225545378694,
    0.17904002245581674,
    0.010044021080537193,
    32.10373215102683,
    0.16867890255990559,
    0.498914595646913
  ],
  "y_mean": 42.82008743286133,
  "y_std": 24.073070526123047,
  "y_min": 0.0,
  "y_max": 93.0,
  "beacon_median_rssi": {
    "1": -87.0,
    "2": -85.0,
    "3": -89.0,
    "4": -88.0,
    "5": -84.0,
    "6": -87.0
  },
  "floor_beacon_median_rssi": {
    "1:3": -85.0,
    "1:4": -93.5,
    "2:3": -80.0,
    "2:4": -92.0,
    "3:3": -86.0,
    "3:4": -94.0,
    "4:3": -89.0,
    "4:4": -87.0,
    "5:3": -91.0,
    "5:4": -81.0,
    "6:3": -90.0,
    "6:4": -86.0
  }
}