{
  "feature_mean": [
    0.0,
    -84.56174636174636,
    0.44581699823014415,
    -0.08446667432345142,
    -0.12305415566015239,
    -0.1262041852500477,
    -0.005522365758473062,
    0.23723346295048126,
    0.9586418134918508,
    0.0008750747540737387,
    -0.008774836036024759,
    -0.031204416943212934,
    22.744220354109867,
    -1.3725178525829407,
    -33.375395099083605,
    0.2434863980941485,
    0.007010072247106484,
    1.2597526850741736,
    0.2573042291744588,
    84.56174636174636,
    35.07658931209084,
    0.6884318384318384,
    0.49550178227193803,
    1.7916245916245916,
    1.0584150084150084,
    -84.51948279869957,
    9.247753097894535,
    32.8678229976836,
    0.12621849361705134,
    1.5803732303732303,
    0.6884318384318384,
    3.141778041778042,
    -0.752069102069102,
    0.5790961290961291,
    22.19141669141669,
    0.9966159278644735,
    3.7511005191884186,
    -1.0,
    4.5957825957825955,
    -1.0,
    -1.0
  ],
  "feature_scale": [
    1.0,
    10.943906345986788,
    0.2371756300800566,
    6.4673341584093285,
    8.392224149884647,
    6.700309084808366,
    0.06406032065824686,
    0.11140555381788894,
    0.055603610067319335,
    0.3085111781455465,
    0.2229482698472567,
    0.3867681873750409,
    4.915292777047946,
    5.523175322987866,
    6.07561957786127,
    0.11462269292123291,
    0.056005596277414485,
    0.24321801819275177,
    0.18239843827645863,
    10.943906345986788,
    36.32893917889256,
    0.46313436739793656,
    0.24577074447092204,
    10.870562676408701,
    0.2610932943871489,
    5.3483936411934465,
    3.217088762305068,
    35.12727461062169,
    0.24961353077814905,
    9.912493074789158,
    0.46313436739793656,
    1.6321884606287027,
    3.8467595556335437,
    3.520377217242715,
    6.8898039635597,
    0.0408376633731438,
    5.553315606308975,
    1.0,
    0.8388391724102565,
    1.0,
    1.0
  ],
  "feature_cols": [
    "beaconId",
    "rssi",
    "rel_time",
    "gyroX",
    "gyroY",
    "gyroZ",
    "accelX",
    "accelY",
    "accelZ",
    "userAccelX",
    "userAccelY",
    "userAccelZ",
    "magX",
    "magY",
    "magZ",
    "pitch",
    "roll",
    "yaw",
    "rssi_norm",
    "rssi_inv",
    "rssi_distance",
    "beacon_floor_match",
    "window_progress",
    "rssi_diff_from_beacon_median",
    "beacon_signal_rank",
    "window_rssi_mean",
    "window_rssi_std",
    "min_beacon_distance",
    "beacon_weight",
    "rssi_vs_floor_median",
    "beacon_on_this_floor",
    "dominant_beacon_id",
    "rssi_diff_to_max",
    "rssi_diff_to_2nd_max",
    "beacon_count_in_window",
    "motion_magnitude",
    "motion_yaw_rate",
    "beacon_y_pos",
    "unique_beacon_count",
    "weighted_beacon_y",
    "strongest_beacon_y"
  ],
  "graph_mean": [
    0.6042400328114614,
    0.1471032377885182,
    0.007699511523997622,
    23.198289145208495,
    0.14285714605657118,
    0.6022333623096552
  ],
  "graph_scale": [
    0.4890133081621237,
    0.18457566220198768,
    0.016800196859001547,
    35.24743102001142,
    0.148636681306942,
    0.48795421386626153
  ],
  "y_mean": 42.06980895996094,
  "y_std": 23.145463943481445,
  "y_min": 0.0,
  "y_max": 93.0,
  "beacon_median_rssi": {
    "1": -87.0,
    "2": -85.0,
    "3": -89.0,
    "4": -88.0,
    "5": -84.0,
    "6": -87.0
  },
  "floor_beacon_median_rssi": {
    "1:3": -85.0,
    "1:4": -93.5,
    "2:3": -80.0,
    "2:4": -92.0,
    "3:3": -86.0,
    "3:4": -94.0,
    "4:3": -89.0,
    "4:4": -87.0,
    "5:3": -91.0,
    "5:4": -81.0,
    "6:3": -90.0,
    "6:4": -86.0
  }
}