{
  "feature_mean": [
    0.0,
    -84.58725419317524,
    0.4555199174599527,
    -0.11858083162437359,
    -0.24598650390279175,
    -0.17280291640050918,
    -0.003985526707150924,
    0.23817281857309452,
    0.9586113499041201,
    0.0010522104553715736,
    -0.010073422345545542,
    -0.028800553563853512,
    23.226550335829465,
    -1.4652775483454097,
    -33.15041057394032,
    0.24471125765029467,
    0.00525189335207286,
    1.273477708345466,
    0.25687909853375884,
    84.58725419317524,
    36.03578378698272,
    0.6371385193753615,
    0.5003079108573779,
    1.8308126084441874,
    1.0711899942163101,
    -84.09197205570545,
    9.833580154147777,
    33.28157243740078,
    0.12822921957437944,
    2.0683993637941005,
    0.6371385193753615,
    3.2672353961827647,
    -0.9149580682475419,
    0.6593984962406015,
    24.025665124349334,
    0.9965031501558593,
    3.8698535325395698,
    -1.0,
    4.9217032967032965,
    -1.0,
    -1.0
  ],
  "feature_scale": [
    1.0,
    11.167015422125672,
    0.2564774480843399,
    6.773098737264351,
    8.898467901711683,
    6.864483674457807,
    0.06596793537105386,
    0.1082838992456574,
    0.054274616595898356,
    0.32199350958674294,
    0.2314974296567113,
    0.3881630810597126,
    4.445877354774627,
    5.5416820854429165,
    6.111900035949037,
    0.11092543489347269,
    0.05727127770357397,
    0.22563557057363678,
    0.18611692287121714,
    11.167015422125672,
    37.78077767879315,
    0.4808253596715381,
    0.2568099588189408,
    11.10773933002896,
    0.2910362229105392,
    5.000536926491784,
    2.9313592520165157,
    36.28136144386697,
    0.24957751207721005,
    9.7381408106967,
    0.4808253596715381,
    1.644113161738673,
    4.264500533999185,
    3.8200821498065416,
    6.518713823102784,
    0.041015523555898374,
    5.672321447300206,
    1.0,
    0.6152701089705427,
    1.0,
    1.0
  ],
  "feature_cols": [
    "beaconId",
    "rssi",
    "rel_time",
    "gyroX",
    "gyroY",
    "gyroZ",
    "accelX",
    "accelY",
    "accelZ",
    "userAccelX",
    "userAccelY",
    "userAccelZ",
    "magX",
    "magY",
    "magZ",
    "pitch",
    "roll",
    "yaw",
    "rssi_norm",
    "rssi_inv",
    "rssi_distance",
    "beacon_floor_match",
    "window_progress",
    "rssi_diff_from_beacon_median",
    "beacon_signal_rank",
    "window_rssi_mean",
    "window_rssi_std",
    "min_beacon_distance",
    "beacon_weight",
    "rssi_vs_floor_median",
    "beacon_on_this_floor",
    "dominant_beacon_id",
    "rssi_diff_to_max",
    "rssi_diff_to_2nd_max",
    "beacon_count_in_window",
    "motion_magnitude",
    "motion_yaw_rate",
    "beacon_y_pos",
    "unique_beacon_count",
    "weighted_beacon_y",
    "strongest_beacon_y"
  ],
  "graph_mean": [
    0.5933446252995125,
    0.14951587520726423,
    0.001529149113819394,
    21.99153394140677,
    0.14285714498588017,
    0.5912890764222498
  ],
  "graph_scale": [
    0.49120950818108783,
    0.18904492695151037,
    0.007876754827471187,
    34.71861805093033,
    0.13356104580564246,
    0.4904239419520496
  ],
  "y_mean": 38.44305419921875,
  "y_std": 19.05677604675293,
  "y_min": 0.0,
  "y_max": 93.0,
  "beacon_median_rssi": {
    "1": -86.0,
    "2": -84.0,
    "3": -88.0,
    "4": -87.0,
    "5": -83.0,
    "6": -86.0
  },
  "floor_beacon_median_rssi": {
    "1:3": -84.0,
    "1:4": -93.0,
    "2:3": -79.0,
    "2:4": -92.0,
    "3:3": -84.0,
    "3:4": -94.0,
    "4:3": -88.0,
    "4:4": -86.0,
    "5:3": -91.0,
    "5:4": -79.0,
    "6:3": -89.0,
    "6:4": -85.0
  }
}