{
  "feature_mean": [
    3.1086517552034794,
    -84.19615952159056,
    0.6947404540472514,
    -0.17385086388783294,
    -0.034430675361805954,
    -0.1239465174272053,
    -0.007758230534477414,
    0.24375711055898563,
    0.9563432157219407,
    0.008669692305890889,
    -0.011423799645681623,
    -0.03295383315277432,
    22.56462760129987,
    -1.9475619289356314,
    -33.33590928720887,
    0.25026856111399887,
    0.009889791976107287,
    1.2767348727703585,
    0.2633973431949463,
    84.19615952159056,
    33.81997129970237,
    0.6875906078492285,
    0.796553019589,
    1.0987301957129543,
    1.0447408615512064,
    -84.12509053595579,
    9.474343427407442,
    32.27277862630849,
    0.12999070150032227,
    0.8507494563529047,
    0.6875906078492285,
    3.14325100963032,
    -0.540100445272859,
    0.399257015636326,
    19.530910220565392,
    0.9960627724887471,
    3.9484638549683213,
    -1.0,
    4.613544579061821,
    -1.0,
    -1.0
  ],
  "feature_scale": [
    1.6434385446895379,
    10.947362574627045,
    0.30086472063722014,
    6.50527853379243,
    8.36794417615067,
    7.437503974064377,
    0.06321216103314964,
    0.11183950570402951,
    0.056821817826251925,
    0.3006570786194496,
    0.22784860405303406,
    0.4007412804972835,
    4.650135623518337,
    5.453402902013567,
    5.905835560902757,
    0.11476388004277602,
    0.05541768734442658,
    0.22673710103487993,
    0.1824560419539409,
    10.947362574627045,
    35.405331779411625,
    0.46347574245808837,
    0.3129522550504217,
    10.861825053589069,
    0.2326303375018885,
    5.322461342938918,
    3.1007891285913414,
    34.55397529564834,
    0.2503710596088511,
    9.953445771184217,
    0.46347574245808837,
    1.6519764250717606,
    3.1728609827764154,
    2.913805940416762,
    6.896511772606182,
    0.040762603576010366,
    6.304082906292913,
    1.0,
    0.6169525603670989,
    1.0,
    1.0
  ],
  "feature_cols": [
    "beaconId",
    "rssi",
    "rel_time",
    "gyroX",
    "gyroY",
    "gyroZ",
    "accelX",
    "accelY",
    "accelZ",
    "userAccelX",
    "userAccelY",
    "userAccelZ",
    "magX",
    "magY",
    "magZ",
    "pitch",
    "roll",
    "yaw",
    "rssi_norm",
    "rssi_inv",
    "rssi_distance",
    "beacon_floor_match",
    "window_progress",
    "rssi_diff_from_beacon_median",
    "beacon_signal_rank",
    "window_rssi_mean",
    "window_rssi_std",
    "min_beacon_distance",
    "beacon_weight",
    "rssi_vs_floor_median",
    "beacon_on_this_floor",
    "dominant_beacon_id",
    "rssi_diff_to_max",
    "rssi_diff_to_2nd_max",
    "beacon_count_in_window",
    "motion_magnitude",
    "motion_yaw_rate",
    "beacon_y_pos",
    "unique_beacon_count",
    "weighted_beacon_y",
    "strongest_beacon_y"
  ],
  "y_mean": 40.67949676513672,
  "y_std": 22.68156623840332,
  "y_min": 0.0,
  "y_max": 93.0,
  "beacon_median_rssi": {
    "1": -86.0,
    "2": -84.0,
    "3": -88.0,
    "4": -87.0,
    "5": -83.0,
    "6": -86.0
  },
  "floor_beacon_median_rssi": {
    "1:3": -84.0,
    "1:4": -93.0,
    "2:3": -79.0,
    "2:4": -92.0,
    "3:3": -84.0,
    "3:4": -94.0,
    "4:3": -88.0,
    "4:4": -86.0,
    "5:3": -91.0,
    "5:4": -79.0,
    "6:3": -89.0,
    "6:4": -85.0
  }
}