{
  "feature_mean": [
    0.0,
    -84.55278527852785,
    0.4463081857344774,
    -0.08108868056870341,
    -0.12829930651694513,
    -0.12918864689641246,
    -0.005569291186578386,
    0.23683155824036345,
    0.9587484224024254,
    0.0009672073151144867,
    -0.00888470684799096,
    -0.031066353970757576,
    22.79017278111583,
    -1.362754328865189,
    -33.36743678301737,
    0.24307481757167615,
    0.006994680387266024,
    1.261085770558362,
    0.2574535805543773,
    84.55278527852785,
    35.113524789313445,
    0.6867286728672868,
    0.49430749706490107,
    1.8075507550755074,
    1.0587358735873587,
    -84.50277020614354,
    9.282057228189956,
    32.88977359721366,
    0.12658061250760053,
    1.6097209720972097,
    0.6867286728672868,
    3.1391489148914893,
    -0.7561056105610561,
    0.5792979297929793,
    22.304930493049305,
    0.9965818448792292,
    3.750355076586379,
    43.283012534575604,
    4.614361436143614,
    16.359932769034472,
    43.35893163241342
  ],
  "feature_scale": [
    1.0,
    10.963616605936053,
    0.23679617611952922,
    6.4779234971612984,
    8.40739774099643,
    6.702682837333745,
    0.06400753944735331,
    0.11112495596996576,
    0.05549345856998585,
    0.3089490955558808,
    0.22314936362836776,
    0.3871207399400895,
    4.869679405463376,
    5.526240847002682,
    6.0669015707794305,
    0.11433866121980532,
    0.05593318652589639,
    0.24140989596141776,
    0.18272694260947211,
    10.963616605936053,
    36.39981471974617,
    0.4638236763356648,
    0.24448030608410995,
    10.889703189496899,
    0.26189177320857737,
    5.3402881613515785,
    3.1972586287307534,
    35.19045438541814,
    0.250249019182951,
    9.918450487759646,
    0.4638236763356648,
    1.6306687044800712,
    3.8566279095951557,
    3.5231787842873192,
    6.8011655087872285,
    0.04084865484762963,
    5.556751184270293,
    16.22973783671367,
    0.8178414615583138,
    14.684582326571148,
    16.147815302269198
  ],
  "feature_cols": [
    "beaconId",
    "rssi",
    "rel_time",
    "gyroX",
    "gyroY",
    "gyroZ",
    "accelX",
    "accelY",
    "accelZ",
    "userAccelX",
    "userAccelY",
    "userAccelZ",
    "magX",
    "magY",
    "magZ",
    "pitch",
    "roll",
    "yaw",
    "rssi_norm",
    "rssi_inv",
    "rssi_distance",
    "beacon_floor_match",
    "window_progress",
    "rssi_diff_from_beacon_median",
    "beacon_signal_rank",
    "window_rssi_mean",
    "window_rssi_std",
    "min_beacon_distance",
    "beacon_weight",
    "rssi_vs_floor_median",
    "beacon_on_this_floor",
    "dominant_beacon_id",
    "rssi_diff_to_max",
    "rssi_diff_to_2nd_max",
    "beacon_count_in_window",
    "motion_magnitude",
    "motion_yaw_rate",
    "beacon_y_pos",
    "unique_beacon_count",
    "weighted_beacon_y",
    "strongest_beacon_y"
  ],
  "graph_mean": [
    0.6074893203606075,
    0.1479133739099376,
    0.007721420509963505,
    23.339471381686096,
    0.14285714608367334,
    0.6054589743383794
  ],
  "graph_scale": [
    0.4883093753031817,
    0.18486317913732173,
    0.01681146933818084,
    35.33385149594023,
    0.14706038032511518,
    0.4872467851498031
  ],
  "y_mean": 41.836769104003906,
  "y_std": 22.969707489013672,
  "y_min": 0.0,
  "y_max": 93.0,
  "beacon_median_rssi": {
    "1": -86.0,
    "2": -84.0,
    "3": -88.0,
    "4": -87.0,
    "5": -83.0,
    "6": -86.0
  },
  "floor_beacon_median_rssi": {
    "1:3": -84.0,
    "1:4": -93.0,
    "2:3": -79.0,
    "2:4": -92.0,
    "3:3": -84.0,
    "3:4": -94.0,
    "4:3": -88.0,
    "4:4": -86.0,
    "5:3": -91.0,
    "5:4": -79.0,
    "6:3": -89.0,
    "6:4": -85.0
  }
}