{
  "feature_mean": [
    0.0,
    -84.17306843267109,
    0.43418626694190465,
    -0.06093988176595376,
    -0.13753443717982727,
    -0.16591804216023864,
    -0.004494678715422041,
    0.23707757998218165,
    0.9589335007438735,
    0.0015349490557931373,
    -0.008758451927025354,
    -0.029499031612109074,
    23.0136268988314,
    -1.4738737906214745,
    -33.258551255537824,
    0.24341418714928495,
    0.005969879421425039,
    1.2722597180605038,
    0.26378219460912045,
    84.17306843267109,
    34.44392440816459,
    0.6637504356918787,
    0.4860304061334441,
    2.1716393633089344,
    1.0624143139305218,
    -84.13883322911546,
    9.661686516298404,
    32.11884494181538,
    0.13401069844720934,
    2.186708493087022,
    0.6637504356918787,
    3.1732775647728593,
    -0.7956779365632625,
    0.6116300685488556,
    22.878180550714536,
    0.9965852037108539,
    3.810030624806131,
    -1.0,
    4.79766469153015,
    -1.0,
    -1.0
  ],
  "feature_scale": [
    1.0,
    11.160886017726032,
    0.2504405245101311,
    6.601931166763048,
    8.832144588911385,
    6.820611345958142,
    0.065083195655302,
    0.10890184162494934,
    0.05474468927537834,
    0.3161767299150287,
    0.22944292054208218,
    0.38827126195258344,
    4.5299672089001835,
    5.518739881073927,
    6.08905405549145,
    0.11150539183991692,
    0.056573925191937824,
    0.22933875294751052,
    0.18601476615617218,
    11.160886017726032,
    36.50724132698463,
    0.47242543836119455,
    0.268727043171536,
    11.093931977906225,
    0.2730850881750409,
    5.189728473792584,
    3.0381564318897856,
    35.18445240696894,
    0.25999321933376185,
    9.87315161148222,
    0.47242543836119455,
    1.6304787645042473,
    3.9654438445521825,
    3.659005735606674,
    7.102518812079044,
    0.04110700385094892,
    5.659676189267872,
    1.0,
    0.642690719207752,
    1.0,
    1.0
  ],
  "feature_cols": [
    "beaconId",
    "rssi",
    "rel_time",
    "gyroX",
    "gyroY",
    "gyroZ",
    "accelX",
    "accelY",
    "accelZ",
    "userAccelX",
    "userAccelY",
    "userAccelZ",
    "magX",
    "magY",
    "magZ",
    "pitch",
    "roll",
    "yaw",
    "rssi_norm",
    "rssi_inv",
    "rssi_distance",
    "beacon_floor_match",
    "window_progress",
    "rssi_diff_from_beacon_median",
    "beacon_signal_rank",
    "window_rssi_mean",
    "window_rssi_std",
    "min_beacon_distance",
    "beacon_weight",
    "rssi_vs_floor_median",
    "beacon_on_this_floor",
    "dominant_beacon_id",
    "rssi_diff_to_max",
    "rssi_diff_to_2nd_max",
    "beacon_count_in_window",
    "motion_magnitude",
    "motion_yaw_rate",
    "beacon_y_pos",
    "unique_beacon_count",
    "weighted_beacon_y",
    "strongest_beacon_y"
  ],
  "graph_mean": [
    0.6655131205497187,
    0.16109979469843905,
    0.011813788139074652,
    26.060652471319756,
    0.14285714786550008,
    0.6633386453733747
  ],
  "graph_scale": [
    0.47181077449109804,
    0.18766590122921084,
    0.02033096433730465,
    36.8574157616455,
    0.13892899609662698,
    0.4708116263571529
  ],
  "y_mean": 39.62713623046875,
  "y_std": 20.580907821655273,
  "y_min": 0.0,
  "y_max": 93.0,
  "beacon_median_rssi": {
    "1": -86.0,
    "2": -84.0,
    "3": -88.0,
    "4": -87.0,
    "5": -83.0,
    "6": -86.0
  },
  "floor_beacon_median_rssi": {
    "1:3": -84.0,
    "1:4": -93.0,
    "2:3": -79.0,
    "2:4": -92.0,
    "3:3": -84.0,
    "3:4": -94.0,
    "4:3": -88.0,
    "4:4": -86.0,
    "5:3": -91.0,
    "5:4": -79.0,
    "6:3": -89.0,
    "6:4": -85.0
  }
}