{
  "feature_mean": [
    0.0,
    -84.76010258976605,
    0.4867130738513505,
    -0.07521374625963402,
    -0.16262518721012206,
    -0.1510239116340665,
    -0.003429805007057695,
    0.23546212364149857,
    0.9593740740737599,
    0.0007490978394461411,
    -0.008384350843773038,
    -0.029620831553699076,
    22.60204306042919,
    -1.238621501601339,
    -33.434775602189646,
    0.24182149738446612,
    0.004609073239125845,
    1.2548319682754658,
    0.25399829208993946,
    84.76010258976605,
    35.73484082329069,
    0.686638308519955,
    0.5583416158604789,
    1.5588264731640185,
    1.0616226698361066,
    -84.75947717890698,
    9.207278477501305,
    33.38204072173687,
    0.12314321114364735,
    1.3879988740147629,
    0.686638308519955,
    3.178324784186163,
    -0.7811897910671838,
    0.5766483172776179,
    22.491054672838732,
    0.996921421001898,
    3.805942773794093,
    43.378741015275935,
    4.608407356436882,
    15.808945702406943,
    43.427758287658655
  ],
  "feature_scale": [
    1.0,
    10.911960713606696,
    0.2697584240198744,
    6.484161005053679,
    8.8663107981754,
    6.808003382536019,
    0.06519695288498167,
    0.11095209006525972,
    0.05561352101952384,
    0.3143548975458363,
    0.22853282891961965,
    0.3844743833389997,
    5.170259959491594,
    5.5681006008205225,
    6.107237224274145,
    0.11411687304789178,
    0.0569412789073038,
    0.253267941759773,
    0.181866011174976,
    10.911960713606696,
    36.778677454309864,
    0.4638600454795741,
    0.2990669309932277,
    10.821760851102624,
    0.2708577351127169,
    5.360526944952076,
    3.243772695351071,
    35.48837992567391,
    0.2438354916187458,
    9.804224574313178,
    0.4638600454795741,
    1.6384736395475907,
    3.911856660245997,
    3.5381160110822782,
    8.460397883193357,
    0.04067360342129136,
    5.646814843883996,
    16.106467981458447,
    0.895958580103844,
    14.550279427230642,
    15.999140318569687
  ],
  "feature_cols": [
    "beaconId",
    "rssi",
    "rel_time",
    "gyroX",
    "gyroY",
    "gyroZ",
    "accelX",
    "accelY",
    "accelZ",
    "userAccelX",
    "userAccelY",
    "userAccelZ",
    "magX",
    "magY",
    "magZ",
    "pitch",
    "roll",
    "yaw",
    "rssi_norm",
    "rssi_inv",
    "rssi_distance",
    "beacon_floor_match",
    "window_progress",
    "rssi_diff_from_beacon_median",
    "beacon_signal_rank",
    "window_rssi_mean",
    "window_rssi_std",
    "min_beacon_distance",
    "beacon_weight",
    "rssi_vs_floor_median",
    "beacon_on_this_floor",
    "dominant_beacon_id",
    "rssi_diff_to_max",
    "rssi_diff_to_2nd_max",
    "beacon_count_in_window",
    "motion_magnitude",
    "motion_yaw_rate",
    "beacon_y_pos",
    "unique_beacon_count",
    "weighted_beacon_y",
    "strongest_beacon_y"
  ],
  "graph_mean": [
    0.6502296652428018,
    0.1521614972404191,
    0.013077105963829704,
    26.399108470356854,
    0.14285714468946023,
    0.6483538683906483
  ],
  "graph_scale": [
    0.4768973135602162,
    0.18282363699232967,
    0.020920435676845525,
    37.29271671314407,
    0.1596481489356899,
    0.4759840896069346
  ],
  "y_mean": 42.62236404418945,
  "y_std": 23.33586883544922,
  "y_min": 0.0,
  "y_max": 93.0,
  "beacon_median_rssi": {
    "1": -86.0,
    "2": -84.0,
    "3": -88.0,
    "4": -87.0,
    "5": -83.0,
    "6": -86.0
  },
  "floor_beacon_median_rssi": {
    "1:3": -84.0,
    "1:4": -93.0,
    "2:3": -79.0,
    "2:4": -92.0,
    "3:3": -84.0,
    "3:4": -94.0,
    "4:3": -88.0,
    "4:4": -86.0,
    "5:3": -91.0,
    "5:4": -79.0,
    "6:3": -89.0,
    "6:4": -85.0
  }
}