{
  "feature_mean": [
    0.0,
    -84.49254128929142,
    0.4669484134636327,
    0.2584576469986984,
    84.49254128929142,
    35.20539186204274,
    0.6712070088202214,
    0.5144522013272703,
    1.853906943704493,
    1.0621500029598059,
    -84.44944047326624,
    9.452402193700626,
    32.83076359856835,
    0.12830197929911547,
    1.792418457349198,
    0.6712070088202214,
    3.133448765760966,
    -0.8055910732255964,
    0.6111999052862133,
    24.048259634167998,
    -1.0,
    4.734594210619783,
    -1.0,
    -1.0
  ],
  "feature_scale": [
    1.0,
    11.048485915947536,
    0.23629301165875988,
    0.18414143110154652,
    11.048485915947536,
    36.742285202410024,
    0.469774584382021,
    0.24871469657999837,
    10.961090188210715,
    0.27071696672328294,
    5.215915131435252,
    3.145458995142142,
    35.43938962208508,
    0.2511333941362885,
    9.844604987030154,
    0.469774584382021,
    1.6221913425882735,
    4.000969085271262,
    3.6522136565976964,
    6.7090528174842525,
    1.0,
    0.8048700822904764,
    1.0,
    1.0
  ],
  "feature_cols": [
    "beaconId",
    "rssi",
    "rel_time",
    "rssi_norm",
    "rssi_inv",
    "rssi_distance",
    "beacon_floor_match",
    "window_progress",
    "rssi_diff_from_beacon_median",
    "beacon_signal_rank",
    "window_rssi_mean",
    "window_rssi_std",
    "min_beacon_distance",
    "beacon_weight",
    "rssi_vs_floor_median",
    "beacon_on_this_floor",
    "dominant_beacon_id",
    "rssi_diff_to_max",
    "rssi_diff_to_2nd_max",
    "beacon_count_in_window",
    "beacon_y_pos",
    "unique_beacon_count",
    "weighted_beacon_y",
    "strongest_beacon_y"
  ],
  "graph_mean": [
    0.6526625567648476,
    0.15689542220862296,
    0.011287890989487678,
    25.692701009392948,
    0.1428571478102564,
    0.0
  ],
  "graph_scale": [
    0.47612408441679505,
    0.18601786020551128,
    0.01953276309100158,
    36.77570738428875,
    0.14017309649633197,
    1.0
  ],
  "y_mean": 40.92365264892578,
  "y_std": 21.53798484802246,
  "y_min": 0.0,
  "y_max": 93.0,
  "beacon_median_rssi": {
    "1": -86.0,
    "2": -84.0,
    "3": -88.0,
    "4": -87.0,
    "5": -83.0,
    "6": -86.0
  },
  "floor_beacon_median_rssi": {
    "1:3": -84.0,
    "1:4": -93.0,
    "2:3": -79.0,
    "2:4": -92.0,
    "3:3": -84.0,
    "3:4": -94.0,
    "4:3": -88.0,
    "4:4": -86.0,
    "5:3": -91.0,
    "5:4": -79.0,
    "6:3": -89.0,
    "6:4": -85.0
  }
}