{
  "feature_mean": [
    0.0,
    -84.18043161978662,
    0.4488846082942533,
    -0.08788116590330372,
    -0.17686410446432901,
    -0.15602397514450378,
    -0.004628425269113575,
    0.23699191293661703,
    0.9589167356903002,
    0.000998797182846979,
    -0.009274972440655543,
    -0.030346971083451406,
    23.156536992081637,
    -1.4479244309522223,
    -33.20270589871041,
    0.24338105566512752,
    0.0059640256663071965,
    1.2736995167428424,
    0.2636594747753893,
    84.18043161978662,
    34.55687124607299,
    0.655983268671193,
    0.4908730870281133,
    2.1769156159068865,
    1.063051648884578,
    -84.07094129419929,
    9.75275037285197,
    32.15402005428266,
    0.13392874350981104,
    2.253522065955383,
    0.655983268671193,
    3.1751212415130943,
    -0.8218840931134821,
    0.6219568380213385,
    23.623848205625606,
    0.9965691521362727,
    3.801440996695309,
    -1.0,
    4.848023763336567,
    -1.0,
    -1.0
  ],
  "feature_scale": [
    1.0,
    11.17714518119385,
    0.2341954884557767,
    6.632550221579409,
    8.70905135807317,
    6.7721889584537065,
    0.06494925729844878,
    0.10918580490917132,
    0.05469528905410091,
    0.31502989160605743,
    0.22576414868993122,
    0.386518465590968,
    4.42087636226654,
    5.508120963321453,
    6.089319869488959,
    0.11189362535407153,
    0.05663303449270606,
    0.2214409797822642,
    0.18628575215537102,
    11.17714518119385,
    36.68852453674152,
    0.4750465449769684,
    0.23793479595282496,
    11.108179503558148,
    0.2724765159522905,
    5.065279772739996,
    2.9745757617890995,
    35.34921203049577,
    0.2595361221587577,
    9.830746664475534,
    0.4750465449769684,
    1.628215496502913,
    4.049217241850514,
    3.68821266465007,
    6.275061190996774,
    0.04110158747645715,
    5.606775643670592,
    1.0,
    0.6267553224012367,
    1.0,
    1.0
  ],
  "feature_cols": [
    "beaconId",
    "rssi",
    "rel_time",
    "gyroX",
    "gyroY",
    "gyroZ",
    "accelX",
    "accelY",
    "accelZ",
    "userAccelX",
    "userAccelY",
    "userAccelZ",
    "magX",
    "magY",
    "magZ",
    "pitch",
    "roll",
    "yaw",
    "rssi_norm",
    "rssi_inv",
    "rssi_distance",
    "beacon_floor_match",
    "window_progress",
    "rssi_diff_from_beacon_median",
    "beacon_signal_rank",
    "window_rssi_mean",
    "window_rssi_std",
    "min_beacon_distance",
    "beacon_weight",
    "rssi_vs_floor_median",
    "beacon_on_this_floor",
    "dominant_beacon_id",
    "rssi_diff_to_max",
    "rssi_diff_to_2nd_max",
    "beacon_count_in_window",
    "motion_magnitude",
    "motion_yaw_rate",
    "beacon_y_pos",
    "unique_beacon_count",
    "weighted_beacon_y",
    "strongest_beacon_y"
  ],
  "graph_mean": [
    0.6454724954967438,
    0.15952930315072789,
    0.007787863010282932,
    24.555673217115203,
    0.1428571462138142,
    0.6433066860093244
  ],
  "graph_scale": [
    0.4783698914587523,
    0.1891397302177918,
    0.016868703724473976,
    35.986476230343094,
    0.1349984436168902,
    0.477408797172927
  ],
  "y_mean": 38.93596649169922,
  "y_std": 19.811065673828125,
  "y_min": 0.0,
  "y_max": 93.0,
  "beacon_median_rssi": {
    "1": -86.0,
    "2": -84.0,
    "3": -88.0,
    "4": -87.0,
    "5": -83.0,
    "6": -86.0
  },
  "floor_beacon_median_rssi": {
    "1:3": -84.0,
    "1:4": -93.0,
    "2:3": -79.0,
    "2:4": -92.0,
    "3:3": -84.0,
    "3:4": -94.0,
    "4:3": -88.0,
    "4:4": -86.0,
    "5:3": -91.0,
    "5:4": -79.0,
    "6:3": -89.0,
    "6:4": -85.0
  }
}