{
  "feature_mean": [
    0.0,
    -84.77773329520541,
    0.44154401861242315,
    -0.06826353474314104,
    -0.11681122170879651,
    -0.15085322691090194,
    -0.005469006446881823,
    0.23968866226331834,
    0.9578188132338091,
    0.0016091271574325482,
    -0.009245599828491574,
    -0.032351705277372446,
    22.38069431786124,
    -1.4656255603474713,
    -33.467596790427166,
    0.24618842696925758,
    0.007012931731876101,
    1.2512742641355488,
    0.25370444702177164,
    84.77773329520541,
    35.52158096918653,
    0.7016490325040511,
    0.5130365832364069,
    1.5500333619292728,
    1.058507291964541,
    -84.7641548209099,
    9.03856848554847,
    33.36709174370004,
    0.12266387788312282,
    1.2516252025545707,
    0.7016490325040511,
    3.1901915927938234,
    -0.7318082165665809,
    0.5555142503097893,
    20.87117529310838,
    0.9965374329066029,
    3.8306742969277714,
    43.43278452957134,
    4.487560766371176,
    15.114705711336445,
    43.496521072016805
  ],
  "feature_scale": [
    1.0,
    10.854523325664998,
    0.26054412469357724,
    6.537913120258938,
    8.60558044201171,
    6.869463928811506,
    0.06387237324848674,
    0.11213442535400271,
    0.05685077586523471,
    0.3121277868191377,
    0.2291419314680437,
    0.39325568993106697,
    5.212010166625091,
    5.583629159091414,
    6.043897587826435,
    0.11562180276054612,
    0.055948183662015726,
    0.2609488208778032,
    0.18090872136161196,
    10.854523325664998,
    36.30790571923899,
    0.4575343349854862,
    0.2900848445282145,
    10.78139505860941,
    0.2631514976640995,
    5.4889551197981685,
    3.2896131254858454,
    35.16539410906407,
    0.24516126741200162,
    9.904804299041194,
    0.4575343349854862,
    1.6454664631389897,
    3.7646876991762874,
    3.4468998986747907,
    8.076157810752472,
    0.04118748174822638,
    5.704228764361712,
    16.172405967053148,
    0.8910813609334841,
    14.59039383849542,
    16.081239459126785
  ],
  "feature_cols": [
    "beaconId",
    "rssi",
    "rel_time",
    "gyroX",
    "gyroY",
    "gyroZ",
    "accelX",
    "accelY",
    "accelZ",
    "userAccelX",
    "userAccelY",
    "userAccelZ",
    "magX",
    "magY",
    "magZ",
    "pitch",
    "roll",
    "yaw",
    "rssi_norm",
    "rssi_inv",
    "rssi_distance",
    "beacon_floor_match",
    "window_progress",
    "rssi_diff_from_beacon_median",
    "beacon_signal_rank",
    "window_rssi_mean",
    "window_rssi_std",
    "min_beacon_distance",
    "beacon_weight",
    "rssi_vs_floor_median",
    "beacon_on_this_floor",
    "dominant_beacon_id",
    "rssi_diff_to_max",
    "rssi_diff_to_2nd_max",
    "beacon_count_in_window",
    "motion_magnitude",
    "motion_yaw_rate",
    "beacon_y_pos",
    "unique_beacon_count",
    "weighted_beacon_y",
    "strongest_beacon_y"
  ],
  "graph_mean": [
    0.6229625393194167,
    0.14699224874383135,
    0.011163601851375904,
    24.837196524888782,
    0.14285714765212823,
    0.6208865176465533
  ],
  "graph_scale": [
    0.4846444200896883,
    0.181913515448533,
    0.019949757905599032,
    36.235291452702405,
    0.15783003406452398,
    0.4835357340636856
  ],
  "y_mean": 43.70657730102539,
  "y_std": 24.393646240234375,
  "y_min": 0.0,
  "y_max": 93.0,
  "beacon_median_rssi": {
    "1": -86.0,
    "2": -84.0,
    "3": -88.0,
    "4": -87.0,
    "5": -83.0,
    "6": -86.0
  },
  "floor_beacon_median_rssi": {
    "1:3": -84.0,
    "1:4": -93.0,
    "2:3": -79.0,
    "2:4": -92.0,
    "3:3": -84.0,
    "3:4": -94.0,
    "4:3": -88.0,
    "4:4": -86.0,
    "5:3": -91.0,
    "5:4": -79.0,
    "6:3": -89.0,
    "6:4": -85.0
  }
}