{
  "feature_mean": [
    0.0,
    -84.67254553446858,
    0.45196057172491205,
    -0.0626991791394981,
    -0.13933015521994874,
    -0.11007678106216731,
    -0.006168175256483941,
    0.23849548016783179,
    0.9582510904994185,
    0.0013461047982534537,
    -0.009835751270381532,
    -0.030833950502871528,
    22.711423379272468,
    -1.450926132150483,
    -33.369221065710725,
    0.24481329536423674,
    0.007559238406451795,
    1.2603829730958704,
    0.25545757629546595,
    84.67254553446858,
    35.50765467699491,
    0.6867457905701125,
    0.500464977799241,
    1.7088660818378152,
    1.0593887965139615,
    -84.53151729171016,
    9.265614428400909,
    33.247437140232,
    0.1249381929135391,
    1.5142671482904269,
    0.6867457905701125,
    3.1635112665558167,
    -0.7596773885289452,
    0.5790531888462053,
    21.78032605164077,
    0.9965009587138645,
    3.777487444466008,
    -1.0,
    4.599449572845594,
    -1.0,
    -1.0
  ],
  "feature_scale": [
    1.0,
    10.95419973100251,
    0.25258605977594667,
    6.513876434130463,
    8.477426905020058,
    6.715761270489688,
    0.06363495022871159,
    0.1112542446699816,
    0.05577133164931976,
    0.3101138056068623,
    0.22502442649159174,
    0.3926644700484207,
    4.889731701885264,
    5.526291670082656,
    6.045443524809073,
    0.11460171182023522,
    0.055629977176326555,
    0.24413282382054002,
    0.18256999470721244,
    10.95419973100251,
    36.60884105330871,
    0.46381678462946596,
    0.25609843726856896,
    10.88584905772174,
    0.2628737308194457,
    5.353685800483656,
    3.194484280093369,
    35.38753897132303,
    0.24753778753253994,
    9.938929202741452,
    0.46381678462946596,
    1.637500446384429,
    3.850482536340862,
    3.5056902540241515,
    6.795461547539061,
    0.041066865357141755,
    5.553751430053879,
    1.0,
    0.8051976498438725,
    1.0,
    1.0
  ],
  "feature_cols": [
    "beaconId",
    "rssi",
    "rel_time",
    "gyroX",
    "gyroY",
    "gyroZ",
    "accelX",
    "accelY",
    "accelZ",
    "userAccelX",
    "userAccelY",
    "userAccelZ",
    "magX",
    "magY",
    "magZ",
    "pitch",
    "roll",
    "yaw",
    "rssi_norm",
    "rssi_inv",
    "rssi_distance",
    "beacon_floor_match",
    "window_progress",
    "rssi_diff_from_beacon_median",
    "beacon_signal_rank",
    "window_rssi_mean",
    "window_rssi_std",
    "min_beacon_distance",
    "beacon_weight",
    "rssi_vs_floor_median",
    "beacon_on_this_floor",
    "dominant_beacon_id",
    "rssi_diff_to_max",
    "rssi_diff_to_2nd_max",
    "beacon_count_in_window",
    "motion_magnitude",
    "motion_yaw_rate",
    "beacon_y_pos",
    "unique_beacon_count",
    "weighted_beacon_y",
    "strongest_beacon_y"
  ],
  "graph_mean": [
    0.5156896311646613,
    0.1288761378369651,
    0.0023871479983314904,
    19.041755951391426,
    0.14285714525334034,
    0.5139117705843831
  ],
  "graph_scale": [
    0.49975377484645783,
    0.18124434450706994,
    0.009717147936293174,
    32.69134848276722,
    0.15964607379419782,
    0.4987374322296903
  ],
  "y_mean": 41.930999755859375,
  "y_std": 23.25726890563965,
  "y_min": 0.0,
  "y_max": 93.0,
  "beacon_median_rssi": {
    "1": -86.0,
    "2": -84.0,
    "3": -88.0,
    "4": -87.0,
    "5": -83.0,
    "6": -86.0
  },
  "floor_beacon_median_rssi": {
    "1:3": -84.0,
    "1:4": -93.0,
    "2:3": -79.0,
    "2:4": -92.0,
    "3:3": -84.0,
    "3:4": -94.0,
    "4:3": -88.0,
    "4:4": -86.0,
    "5:3": -91.0,
    "5:4": -79.0,
    "6:3": -89.0,
    "6:4": -85.0
  }
}